<wpml-config>
    <admin-texts>
		<key name="platrxyz_theme_options">
            <key name="platr_logo" />
            <key name="platr_logo_mobile" />
            <key name="platr_logo_sticky" />
            <key name="platr_logo_menu_mobile" />
            <key name="platr_favicon" />
            <key name="platr_text_logo" />
            <key name="platr_404_page_image" />
            <key name="platr_404_page" />
            <key name="platr_custom_loading_image" />
            <key name="platr_header_store_notice" />
            <key name="platr_header_slide_notice" />
            <key name="platr_bg_breadcrumbs" />
            <key name="platr_footer_block" />
            <key name="platr_product_new_label_text" />
            <key name="platr_product_sale_label_text" />
            <key name="platr_product_feature_label_text" />
            <key name="platr_product_out_of_stock_label_text" />
            <key name="platr_product_sale_percent_prefix" />
            <key name="platr_prod_placeholder_img" />
            <key name="platr_prod_cat_filter_heading" />
            <key name="platr_prod_group_heading" />
            <key name="platr_prod_custom_tab_title" />
            <key name="platr_prod_custom_tab_content" />
            <key name="platr_prod_ads_banner_content" />
        </key>   
    </admin-texts>   
	<custom-types>
		<custom-type translate="1">platr_team</custom-type>
		<custom-type translate="1">platr_testimonial</custom-type>
		<custom-type translate="1">platr_logo</custom-type>
		<custom-type translate="1">platr_footer_block</custom-type>
		<custom-type translate="1">platr_mega_menu</custom-type>
		<custom-type translate="1">platr_size_chart</custom-type>
		<custom-type translate="1">product</custom-type>
	</custom-types>
	<taxonomies>
		<taxonomy translate="1">platr_testimonial_cat</taxonomy>
		<taxonomy translate="1">platr_logo_cat</taxonomy>
		<taxonomy translate="1">platr_product_brand</taxonomy>
		<taxonomy translate="1">product_cat</taxonomy>
	</taxonomies>
</wpml-config>